ACVR2A,APC,BRAF,ELF3,FAM123B,FBXW7,KRAS,NRAS,PIK3CA,SMAD2,SMAD4,SOX9,TCF7L2,TP53
1,0,1,0,0,1,0,0,0,0,0,0,0,0
0,1,0,0,0,0,0,0,0,0,0,0,0,1
0,0,1,0,0,1,0,0,0,0,1,0,1,1
0,1,0,0,0,1,0,0,0,0,0,0,0,0
0,0,0,1,0,0,0,1,0,0,1,0,0,1
0,0,0,0,0,0,1,0,0,0,0,0,0,1
0,1,0,0,0,1,0,0,0,0,0,0,0,1
0,1,0,0,1,0,1,0,1,0,0,0,0,0
0,1,0,0,0,0,0,0,0,0,0,0,0,1
0,0,0,0,0,0,0,0,0,0,0,0,0,0
0,0,1,0,1,1,0,0,0,1,0,0,0,0
0,0,0,0,0,0,0,0,0,0,0,0,0,1
0,0,0,0,0,1,0,0,0,0,0,0,0,0
0,1,0,0,0,0,0,0,0,0,0,0,0,1
0,0,0,0,0,0,1,0,0,1,1,0,0,1
0,1,0,0,1,0,1,0,0,0,0,0,0,0
0,1,0,0,0,0,1,0,0,0,1,0,0,0
0,0,0,0,0,1,0,0,0,0,0,0,0,1
0,0,1,0,0,0,0,0,0,0,0,0,0,0
0,0,0,0,0,0,0,0,0,0,0,0,0,1
1,1,0,0,1,0,1,0,0,0,0,1,0,0
0,0,0,0,0,0,0,0,0,0,0,0,0,0
0,1,0,0,1,0,1,0,0,0,1,0,0,0
0,1,0,0,0,0,0,0,0,0,0,0,0,1
0,1,0,0,0,0,1,0,0,0,0,0,0,0
0,0,0,0,0,0,0,0,0,0,0,0,0,0
0,1,0,0,0,0,0,0,0,0,0,0,0,0
0,1,1,0,0,0,0,0,0,0,0,0,0,1
0,0,1,0,0,1,0,0,0,0,0,0,0,0
0,1,0,0,0,0,0,0,0,0,0,0,0,0
0,1,0,0,1,0,1,0,0,0,0,0,0,0
0,1,0,0,0,0,0,1,0,0,0,0,0,1
0,1,0,0,0,0,0,0,0,0,0,0,0,1
0,1,0,0,0,0,0,0,0,0,0,0,0,1
0,1,0,0,1,0,0,0,0,0,0,0,0,0
0,1,0,0,0,0,1,0,0,0,1,0,0,0
0,1,0,0,0,0,1,0,0,0,0,0,0,1
0,1,0,0,0,0,1,1,0,0,1,0,0,1
0,0,0,0,0,1,1,0,0,0,0,0,0,1
0,1,0,0,0,0,1,0,0,0,0,0,0,1
0,1,0,0,0,0,0,0,0,0,0,0,0,1
0,0,1,0,0,0,0,0,0,0,0,0,0,0
0,1,0,0,1,0,0,1,0,0,1,0,0,1
0,1,0,0,0,0,0,0,0,0,0,0,0,1
0,0,0,0,0,1,1,0,0,0,0,1,1,0
0,1,0,0,0,0,1,0,1,0,0,0,1,1
0,1,0,0,0,0,0,0,0,0,0,0,0,0
0,1,0,0,0,0,0,0,0,0,0,0,0,1
0,1,0,0,1,0,1,0,0,0,0,0,0,0
0,1,0,0,0,1,1,0,0,0,0,0,0,1
0,1,1,0,0,0,0,0,0,1,0,0,0,0
0,1,0,0,0,0,0,0,0,0,0,0,0,1
0,1,0,0,0,0,0,0,0,0,0,0,0,0
0,1,0,0,0,0,0,0,0,0,1,0,0,0
0,1,0,0,0,0,0,0,0,0,0,0,0,1
0,1,0,0,0,0,1,0,0,0,0,0,1,0
0,0,0,0,0,0,1,0,1,1,0,0,0,0
1,1,0,0,0,0,0,0,0,0,0,0,1,0
0,1,1,0,0,0,1,0,1,0,0,0,0,0
0,0,0,0,0,0,0,0,0,0,1,0,0,1
0,1,0,0,0,0,0,0,1,0,0,0,0,0
0,1,0,0,0,0,1,0,0,0,0,0,0,1
0,1,0,0,0,0,1,0,1,0,0,0,0,0
0,0,0,0,0,0,0,1,0,0,0,1,0,0
0,0,1,0,1,0,0,0,0,0,1,0,0,0
0,0,0,0,0,1,0,0,0,0,0,1,0,0
1,0,1,0,1,1,0,0,0,0,0,0,0,0
0,1,0,0,0,1,1,0,1,0,0,0,0,0
0,0,0,0,0,0,1,0,0,1,0,0,0,1
0,0,0,0,0,0,1,0,0,0,0,0,0,1
1,0,0,0,1,1,1,0,0,0,1,0,1,0
0,1,0,0,0,0,0,0,0,0,0,0,0,0
0,1,0,0,0,1,1,0,1,0,0,0,0,1
0,1,0,0,0,1,0,1,1,0,0,0,0,0
0,1,0,0,0,0,1,0,0,0,0,0,0,1
0,1,0,0,0,1,1,0,1,0,0,0,0,0
0,1,0,0,0,0,1,0,0,0,0,0,0,0
0,1,0,0,0,0,0,0,0,0,0,0,0,0
0,1,0,0,0,0,0,0,0,0,0,0,0,1
0,1,0,0,0,0,0,0,0,0,0,0,0,1
0,1,0,0,0,0,0,0,0,0,0,0,0,1
0,1,0,0,1,0,1,1,1,1,1,0,0,0
0,1,0,0,0,0,0,0,1,0,0,0,0,1
0,0,0,0,0,0,0,0,0,0,0,0,0,1
0,0,0,0,1,0,0,0,0,0,0,0,0,1
0,1,0,0,0,0,1,0,0,0,0,0,0,0
0,1,0,1,0,0,0,0,0,0,0,0,0,0
0,0,0,0,0,0,0,0,0,0,0,0,0,1
0,0,1,0,0,0,0,0,1,0,0,0,0,0
0,1,0,0,0,0,1,0,0,0,0,0,0,1
0,1,0,0,1,0,1,0,1,0,0,1,0,0
0,1,0,0,0,0,1,0,0,0,0,0,0,1
0,1,1,0,0,0,0,0,1,0,0,0,0,0
0,0,1,0,0,1,0,0,0,0,0,0,0,1
0,1,0,0,0,0,0,0,0,0,0,0,0,0
0,0,0,0,0,0,0,0,0,0,0,0,1,1
0,1,0,0,0,0,0,0,1,0,0,0,0,1
1,0,1,0,0,0,0,0,0,0,0,0,0,0
0,1,0,0,0,0,0,0,0,0,0,0,0,0
0,1,0,0,0,0,0,1,0,0,0,0,0,1
0,1,0,0,0,0,0,1,0,0,1,0,0,0
0,1,0,0,0,0,1,0,0,0,0,0,0,1
0,1,0,0,0,0,0,1,0,0,0,0,0,1
0,1,0,0,1,0,1,0,1,1,0,0,1,1
0,1,0,1,0,0,1,0,0,0,0,1,0,1
0,1,0,0,0,0,0,0,0,0,0,0,0,1
0,1,0,0,0,1,0,0,0,0,0,0,0,1
1,1,0,0,1,1,0,0,0,0,1,1,1,0
0,0,0,0,0,0,1,0,0,0,0,0,0,0
0,1,0,0,0,0,0,0,0,0,0,1,0,0
0,1,0,0,0,0,1,0,0,0,0,0,0,0
0,0,0,0,0,0,0,0,0,0,0,0,0,1
0,1,0,0,1,1,1,0,0,0,0,0,0,0
0,1,1,0,0,0,0,0,0,0,0,0,0,1
0,0,0,0,0,0,0,0,0,0,0,0,0,1
0,0,0,0,0,0,0,1,0,0,0,0,0,1
0,1,1,0,0,1,0,0,0,0,0,0,0,0
0,1,0,0,0,0,1,0,0,0,1,0,1,0
0,1,0,0,0,0,0,0,0,0,0,0,0,1
0,1,0,0,0,0,1,1,1,1,0,0,0,0
0,1,0,0,0,0,0,0,0,0,0,0,0,1
0,0,0,0,0,0,1,0,0,0,0,0,0,0
0,0,0,0,0,0,0,0,0,0,0,0,0,0
0,1,0,0,0,0,0,0,0,0,0,0,0,0
0,1,0,0,0,0,1,0,0,0,0,0,0,1
0,1,0,0,0,0,0,0,0,0,0,0,0,0
1,1,0,0,1,1,0,0,1,0,0,0,1,1
0,1,0,0,0,0,0,0,0,0,0,0,0,0
0,0,1,0,1,0,0,0,0,0,1,0,0,1
0,1,0,0,0,0,1,0,0,0,0,0,0,1
0,0,0,0,0,0,1,0,0,0,0,0,0,1
0,1,0,0,0,0,1,0,1,0,0,0,1,0
0,1,0,0,0,1,1,0,1,0,0,0,0,1
0,0,1,0,0,0,0,0,0,0,0,0,0,0
0,1,0,0,0,1,0,0,0,0,0,0,0,0
0,1,0,0,0,1,1,0,0,0,0,0,0,0
0,1,0,0,0,0,0,0,0,0,0,0,0,1
0,1,0,0,0,0,0,0,0,0,0,0,1,1
1,1,0,1,0,0,0,1,1,1,0,0,0,0
0,1,0,0,0,0,1,0,0,0,0,0,0,0
0,1,0,0,0,1,1,0,0,0,0,0,0,1
0,0,1,0,0,1,0,0,0,0,0,0,1,0
0,1,0,0,0,1,0,1,0,1,0,0,0,0
0,1,0,0,0,0,1,0,0,1,0,0,0,0
1,1,0,0,0,0,0,1,0,0,0,0,0,1
0,1,0,0,0,0,0,0,0,0,0,0,0,1
0,1,0,1,0,0,0,0,0,0,0,0,0,1
0,1,0,0,0,0,1,0,1,0,1,0,0,0
0,1,0,0,0,0,1,0,0,0,0,0,0,1
0,0,0,0,0,0,1,0,1,0,0,0,0,0
0,1,0,0,0,1,1,0,1,0,0,1,0,0
0,0,0,0,0,0,1,0,1,0,0,0,0,1
0,0,0,0,0,0,1,0,0,0,0,0,0,1
0,1,0,0,0,0,1,1,0,0,0,0,0,1
0,1,0,0,0,0,1,0,0,0,0,0,1,0
0,1,0,0,0,0,0,0,0,0,0,0,0,1
0,1,0,0,0,0,0,1,0,0,0,0,0,1
0,0,0,0,0,0,0,0,0,0,0,0,0,0
0,0,0,0,0,0,1,0,0,0,0,0,0,1
0,0,1,0,0,0,0,0,0,0,0,0,0,1
0,1,0,0,0,0,1,0,0,0,0,0,0,0
0,1,0,0,0,0,1,0,0,0,0,0,0,1
0,0,0,0,0,0,0,0,0,0,0,0,1,0
0,1,0,0,0,0,1,0,0,0,0,0,0,0
0,1,0,0,1,0,0,0,0,0,0,0,0,0
0,1,0,0,0,0,1,0,0,0,0,0,0,0
0,1,0,0,0,0,0,0,0,0,0,0,0,1
0,1,0,0,0,0,0,0,0,0,0,0,0,1
0,1,0,0,0,1,1,0,0,0,0,0,0,1
0,1,0,0,0,0,1,0,0,0,0,0,0,1
0,1,0,1,0,0,1,0,0,0,0,0,0,0
0,0,0,0,0,1,0,0,0,0,0,0,0,0
0,1,0,0,0,0,0,0,0,0,0,0,0,1
0,1,0,0,0,0,1,0,0,0,0,0,0,1
0,1,0,0,0,0,1,0,0,0,0,0,0,1
0,0,0,0,0,1,0,0,0,1,0,0,0,1
0,1,0,0,0,0,0,0,0,0,0,0,0,1
0,1,0,0,0,0,1,0,0,0,0,0,0,1
0,1,0,0,0,0,0,0,0,0,0,0,0,1
0,1,0,0,0,0,1,0,0,0,0,0,1,1
0,1,0,0,0,0,1,0,0,0,0,0,0,0
0,1,0,0,0,0,1,0,1,0,0,0,0,0
0,1,0,0,0,1,0,0,0,0,0,0,0,0
0,1,0,0,0,0,0,0,0,0,0,0,1,1
0,1,0,0,0,0,0,0,0,0,0,0,0,0
0,1,0,0,0,0,1,0,1,0,1,0,0,0
0,1,0,0,0,0,0,0,0,1,0,0,0,1
0,1,0,1,1,1,1,1,1,0,0,0,0,0
0,1,0,0,0,0,0,0,0,0,0,0,0,1
0,1,0,0,0,0,0,1,0,0,0,0,0,0
0,1,0,0,1,0,1,0,0,0,0,0,0,1
0,1,0,0,0,1,0,0,0,0,0,0,1,1
0,0,0,0,0,0,1,0,1,0,1,0,0,0
0,1,0,1,0,0,1,0,0,0,0,0,0,1
0,1,0,0,0,0,1,0,0,0,0,0,0,1
0,1,0,0,0,0,1,0,0,0,0,0,0,1
0,1,0,0,0,0,0,0,0,0,0,0,0,1
0,1,0,0,0,0,1,0,0,0,1,0,0,1
0,1,0,0,0,0,0,0,0,0,0,0,1,1
0,0,0,0,0,0,1,0,0,0,0,0,0,1
0,1,0,0,0,0,0,0,1,0,0,0,0,1
1,1,1,0,1,1,0,0,0,1,0,0,1,0
0,1,0,0,0,0,1,0,0,0,1,0,0,0
0,1,0,0,0,0,1,0,0,0,0,0,0,1
0,1,0,0,0,0,1,0,1,0,0,0,0,0
0,0,0,0,0,0,1,0,0,0,0,0,0,1
0,1,0,0,0,1,0,0,0,0,1,0,0,1
0,1,0,0,0,0,1,0,0,0,0,0,0,1
0,1,0,0,0,0,1,0,0,0,0,0,0,0
0,0,0,0,0,0,0,0,0,0,1,0,0,1
0,1,0,0,0,0,0,1,0,0,0,0,0,1
0,1,0,0,0,0,1,0,0,1,0,0,0,1
0,1,0,0,0,0,0,0,0,0,0,0,0,1
0,1,0,0,0,0,1,0,1,0,1,0,0,1
0,1,0,0,0,0,1,0,0,0,0,1,0,0
0,1,0,0,0,0,0,0,0,0,0,0,0,1
0,1,0,0,1,0,0,0,0,0,0,0,0,0
0,1,0,0,1,1,1,0,1,0,0,0,0,1
0,1,0,0,0,0,1,0,0,0,1,0,0,1
0,1,0,0,0,0,1,0,0,0,0,0,1,1
0,1,0,0,0,0,0,0,0,0,0,0,0,1
0,0,0,0,0,0,0,0,0,0,0,0,0,1
0,1,0,0,0,0,0,0,0,0,0,0,0,1
